{
    "Greedy": {
        "total_wait": 41174,
        "average_wait": 0.512382090146594,
        "cars_passed": 80358
    },
    "Fixed": {
        "total_wait": 1012718,
        "average_wait": 12.664674103346506,
        "cars_passed": 79964
    },
    "Smart": {
        "total_wait": 51958,
        "average_wait": 0.6460669965929721,
        "cars_passed": 80422
    }
}